nome,telefone,endereco,site,nicho,area
Isabela Sampaio - Advocacia em Guarulhos ( Família e Sucessões e Cível),5511945058416,"R. Joseph Zarzour, 93 - Sala 406 - Centro, Guarulhos - SP, 07020-093, Brazil",https://advocaciasampaio.com/,escritório de advocacia,Guarulhos
"️Dra.Mariele Quirino - Advogada (Direito Bancário, Cível e Trabalhista)",5511978228636,"R. Silvestre Vasconcelos Calmon, 486 - Centro, Guarulhos - SP, 07020-001, Brazil",https://quirinobelizarioadv.com.br/,escritório de advocacia,Guarulhos
Lawyers in Guarulhos,551124410515,"R. José Maurício, 297 - Centro, Guarulhos - SP, 07011-060, Brazil",http://www.advocaciapedroso.com.br/,escritório de advocacia,Guarulhos
Escritório de advocacia Marcio Medeiros Advogados,5511997765220,"R. Abraham Lincoln, 331 - sala 01, 03 - Centro, Guarulhos - SP, 07090-100, Brazil",https://marciomedeirosadvogados.my.canva.site/,escritório de advocacia,Guarulhos
Silvia Tai Advogada,5511977208569,"Av. Pres. Humberto de Alencar Castelo Branco, 3297 - Vila Leonor, Guarulhos - SP, 07024-170, Brazil",https://silvia-tai-advogada.ueniweb.com/?utm_campaign=gmb,escritório de advocacia,Guarulhos
Marcelo Cardoso Advogados Associados,5511913192100,"R. Silvestre Vasconcelos Calmon, 51 - salas 214/215 - Vila Pedro Moreira, Guarulhos - SP, 07020-001, Brazil",https://marcelocardosoadvogados.com.br/,escritório de advocacia,Guarulhos
Dra. Andreza Santos | Advogada de Família,5511949759575,"R. São Paulo, 177 - Vila Tijuco, Guarulhos - SP, 07020-210, Brazil",https://wa.me/5511949759575,escritório de advocacia,Guarulhos
Advogado em Guarulhos - Silva e Araújo Associados,551124099944,"Av. Emílio Ribas, 1056 - 3º Andar Sala 302 - Gopouva, Guarulhos - SP, 07020-010, Brazil",http://www.silvaearaujo.jur.adv.br/,escritório de advocacia,Guarulhos
Marcos Murassawa Advogados Associados,5511944661267,"R. Joseph Zarzour, 93 - Sala 1305 - Vila Moreira, Guarulhos - SP, 07020-081, Brazil",https://www.instagram.com/marcos.murassawa,escritório de advocacia,Guarulhos
Fratazzi Advogados Associados,5511996971170,"R. Otávio Forghieri, 72 - Sala 63 - Centro, Guarulhos - SP, 07090-070, Brazil",https://fratazziadvogados.com.br/,escritório de advocacia,Guarulhos
Advogada em Guarulhos - Dra.Joseane Pontes,5511932332460,"Av. Dr. Timóteo Penteado, 05 - Sala 15 - Vila Hulda, Guarulhos - SP, 07094-000, Brazil",https://joseanepontesadvogada.com.br/,escritório de advocacia,Guarulhos
"Morales, Gonzalez e De Santis Sociedade de Advogados | Guarulhos-SP",551128855921,"R. Campinas, 14 - Vila Paulista, Guarulhos - SP, 07022-050, Brazil",http://www.mgds.adv.br/,escritório de advocacia,Guarulhos
Advocacia Previdenciária - Escritório Oliveira Taccola,5511942021688,"R. Dr. Gastão Vidigal, 99 - Sala 01 - Centro, Guarulhos - SP, 07090-150, Brazil",http://oliveirataccola.adv.br/,escritório de advocacia,Guarulhos
Advogados em Guarulhos - RPA Advogados,551124221777,"Av. Guarulhos, 1797 - Vila Augusta, Guarulhos - SP, 07025-000, Brazil",https://www.advogadoemguarulhos.com.br/,escritório de advocacia,Guarulhos
Batista & Santos | Escritório de Advocacia,5511987805121,"R. Silvestre Vasconcelos Calmon, 51 - Centro, Guarulhos - SP, 07020-001, Brazil",http://batistaesantosadv.com.br/,escritório de advocacia,Guarulhos
Cabral Advocacia - Escritório Guarulhos,551124564470,"R. Leonardo Vallardi, 179° - Jardim Gumercindo, Guarulhos - SP, 07090-080, Brazil",,escritório de advocacia,Guarulhos
Cras Advocacia Previdenciária,551124210014,"Av. Guarulhos, 1232 - Vila Augusta, Guarulhos - SP, 07025-000, Brazil",http://www.crasadvocacia.com.br/,escritório de advocacia,Guarulhos
Nogueira Santos Advocacia,551127883730,"R. Joseph Zarzour, 93 - Cj 1803 - Vila Moreira, Guarulhos - SP, 07020-081, Brazil",https://www.nogueirasantos.com.br/,escritório de advocacia,Guarulhos
RH Abreu Advocacia e Assessoria Jurídica,551124086803,"R. Cônego Valadão, 879 - Gopouva, Guarulhos - SP, 07040-000, Brazil",https://rhabreu.adv.br/,escritório de advocacia,Guarulhos
Alvares Advogados,551124750066,"R. Silvestre Vasconcelos Calmon, 51 - Conj. 1209/1212 - Vila Moreira, Guarulhos - SP, 07020-001, Brazil",https://alvaresadvogados.com.br/,escritório de advocacia,Guarulhos
Avila e Souza Advogados,551146532171,"Rua José Basílio Alvarenga, 73 - sala 01 - Centro, Arujá - SP, 07400-505, Brazil",http://www.avilaesouzaadvogados.com.br/,escritório de advocacia,Arujá
DR. ANTONIO CARLOS JUSTO (CRIMINALISTA) - ATENDIMENTO 24 HORAS - ADVOCACIA E CONSULTORIA,5511978032008,"Av. dos Expedicionários, Sala 03 - 1º andar - Centro, Arujá - SP, 07400-460, Brazil",https://www.instagram.com/antoniocarlosjusto_advogado/?hl=pt-br,escritório de advocacia,Arujá
JF Advogados - Escritório de Advocacia em Arujá,551127613130,"Av. João Manoel, 303 - sala 4 - Centro, Arujá - SP, 07400-605, Brazil",https://jfadvoga.com.br/,escritório de advocacia,Arujá
Rodrigues e Januário Advogados,5511991761541,"Estr. de Santa Isabel, 1278 - sala 18 - Parque Nossa Sra. do Carmo, Arujá - SP, 07432-575, Brazil",https://rodriguesjanuario.com.br/,escritório de advocacia,Arujá
Dra. Juliana Costa Advogada,5511995803527,"R. Pará - Jardim Planalto, Arujá - SP, 07402-185, Brazil",https://julianacosta.adv.br/,escritório de advocacia,Arujá
Advocacia Kim Rodrigues,5511974271649,"Av. Amazonas, 120 - Arujá América, Arujá - SP, 07402-085, Brazil",,escritório de advocacia,Arujá
Lisboa Menezes - Advocacia,5511953876824,"Av. João Manoel, 600 - sala 01 - Center Ville, Arujá - SP, 07400-510, Brazil",https://contate.me/lisboamenezesadvocacia,escritório de advocacia,Arujá
NR - Advocacia - Dra. Nayara Raíssa,5511954340373,"Rod. Alberto Hinoto, 1511 - Arujazinho IV, Arujá - SP, 07435-180, Brazil",,escritório de advocacia,Arujá
"Peres, Panegassi & Nogueira - Sociedade de Advogados - Arujá e Região",551146532934,"R. Prudente de Morais, 90 - Sala 3 - Vila Flora Regina, Arujá - SP, 07400-500, Brazil",http://ppnadvogados.com.br/,escritório de advocacia,Arujá
Advogado em Arujá | Pereira e Teixeira Advocacia Trabalhista,5511995657322,"Av. João Manoel, 337 - Sala 02 - Centro, Arujá - SP, 07400-605, Brazil",https://pereiraeteixeiraadvocacia.adv.br/lp-direito-trabalhista/,escritório de advocacia,Arujá
Lucken Assessoria e Consultoria Juridica,5511932355549,"07402800 - Jardim Real, Arujá - SP, 07402-800, Brazil",,escritório de advocacia,Arujá
Paulo Sabio - Advocacia Especializada (trabalhista e assessoria empresarial),5511988165555,"Av. João Manoel, 600 - Sala 802A - Centro, Arujá - SP, 07400-610, Brazil",,escritório de advocacia,Arujá
Via Juris Advogados,5511969129855,"R. Sérgio Saleh Riman, 13 - Center Ville, Arujá - SP, 07401-105, Brazil",,escritório de advocacia,Arujá
Márcio Oliveira Advogados Associados,551155400222,"Av. João Manoel, 600 - Cj. 406 - Centro, Arujá - SP, 07400-610, Brazil",https://marciooliveiraadv.com.br/,escritório de advocacia,Arujá
Matheus Carvalho Advocacia,5511997930708,"R. Monteiro Lobato, 121 - sala 10 - Vila Flora Regina, Arujá - SP, 07400-555, Brazil",https://advocaciamcarvalho.com.br/,escritório de advocacia,Arujá
Corrêa e Silva - Advocacia,5511977114704,"Praça Bartolomeu Bueno, 11 - Sala 3 - Vila Lima, Arujá - SP, 07402-130, Brazil",https://www.correasilvaadvocacia.com.br/,escritório de advocacia,Arujá
Alvarenga Ribeiro Advocacia Arujá,5511944986657,"Av. João Manoel, 179 - Vila Flora Regina, Arujá - SP, 07400-605, Brazil",http://alvarengaribeiro.adv.br/,escritório de advocacia,Arujá
RODRIGO MARINHO & ADVOGADOS,551146514254,"Av. dos Expedicionários, 756 - salas 01/08 - Jardim Rincao, Arujá - SP, 07400-460, Brazil",http://www.mrcjuridico.com.br/,escritório de advocacia,Arujá
OAB - 164ª Subseção de SANTA ISABEL,551146564420,"Praça da Bandeira, 25 - 1º. Andar - Centro, Santa Isabel - SP, 07500-000, Brazil",,escritório de advocacia,Santa Isabel
Advocacia e Assessoria Jurídica Dra. Karine Romariz,5511998381797,"Rua Vereador - R. Sebastião Claudiano, 643 - Sala 02 - Vila Nova, Santa Isabel - SP, 07500-000, Brazil",,escritório de advocacia,Santa Isabel
"Advocacia Previdenciária, Cível e Trabalhista- Dra. Eleni Manoel / Dr.Érick William",5511998366025,"R. Pref Francisco Beraldo, 71 - Centro, Santa Isabel - SP, 07500-000, Brazil",,escritório de advocacia,Santa Isabel
Natália Fernandes Advocacia,5511996820874,"Rua Galiano - R. Galdino Antonio dá Silva - Brotas, Santa Isabel - SP, 07500-000, Brazil",,escritório de advocacia,Santa Isabel
Kathya Simone de Lima | Advocacia,5511917293015,"Av. da Republica, 251 - Loja 35 - Galeria Central, Santa Isabel - SP, 07500-000, Brazil",https://kathyalimajuris.com/,escritório de advocacia,Santa Isabel
Advocacia Cláudia Gobato,551146571664,"R. Mario Mendes de Camargo, 54 - Parque Sao Benedito, Santa Isabel - SP, 07500-000, Brazil",http://claudiagobato.com.br/,escritório de advocacia,Santa Isabel
Aloise Advocacia Filial Santa Isabel,551132425841,"R. Monteiro Lobato, 67 - Parque Sao Benedito, Santa Isabel - SP, 07500-000, Brazil",http://www.aloiseadvocacia.com.br/,escritório de advocacia,Santa Isabel
JCS ADVOCACIA PREMIUM,551146563597,"Avenida da Republica, 545 ESQUINA COM - ENTRADA PELA - R. Santa Cruz - Centro, Santa Isabel - SP, 07500-000, Brazil",https://www.jcsadvocaciapremium.com.br/,escritório de advocacia,Santa Isabel
VALINHOS Advocacia,5511995119511,"R. Mario Mendes de Camargo, 214 - Parque Sao Benedito, Santa Isabel - SP, 07500-000, Brazil",,escritório de advocacia,Santa Isabel
Luís Carlos Corrêa Leite Advocacia,551146562044,"Av. da Republica, 380 - 1° Andar - Jardim Monte Serrat, Santa Isabel - SP, 07500-000, Brazil",,escritório de advocacia,Santa Isabel
Costav Advogados,551146802042,"Av. Brasil, 350 - do Cruzeiro, Santa Isabel - SP, 07500-000, Brazil",,escritório de advocacia,Santa Isabel
VAGNER LOBO SOCIEDADE INDIVIDUAL DE ADVOCACIA,5511997498809,"R. Diogo Batista Nunes, 157 - centro, Santa Isabel - SP, 07500-000, Brazil",,escritório de advocacia,Santa Isabel
SGCZ - Sociedade de Advogados,551146562757,"R. José Bonifácio, 28 - Recanto Imperial, Santa Isabel - SP, 07500-000, Brazil",,escritório de advocacia,Santa Isabel
Saul Advocacia & Consultoria Jurídica,5511937777410,"R. Leopoldo da Cunha Lima, 126 - Centro, Santa Isabel - SP, 07500-000, Brazil",https://instagram.com/saul.advocacia?utm_medium=copy_link,escritório de advocacia,Santa Isabel
Carvalho Marques Advocacia,5511951850862,"Rua Vereador - R. Sebastião Claudiano, 98 - Recanto Imperial, Santa Isabel - SP, 07500-000, Brazil",,escritório de advocacia,Santa Isabel
Dr. João Paulo Coutinho dos Santos,5511995578212,"Praça da Bandeira, 25 - Centro Histórico de São Paulo, Santa Isabel - SP, 07500-000, Brazil",,escritório de advocacia,Santa Isabel
Advocacia,551146566703,"Advocacia - R. Dr. Armando São de Oliveira, 61 - Jardim Monte Serrat, Santa Isabel - SP, 07500-000, Brazil",,escritório de advocacia,Santa Isabel
Perez de Oliveira Advocacia,5511934152907,"R. Picinguaba, 634 - Vila Santa Isabel, São Paulo - SP, 03432-000, Brazil",https://perezdeoliveira.adv.br/,escritório de advocacia,Santa Isabel
Rodrigues e Januário Advogados,5511991761541,"Estr. de Santa Isabel, 1278 - sala 18 - Parque Nossa Sra. do Carmo, Arujá - SP, 07432-575, Brazil",https://rodriguesjanuario.com.br/,escritório de advocacia,Santa Isabel
Mineiro & Gatti Advocacia e Consultoria,5511969142640,"Av. da Republica, 36 - Centro, Santa Isabel - SP, 07500-000, Brazil",,escritório de advocacia,Santa Isabel
Marchetti & Miranda Advogados,5511977792230,"R. Cap. José Leite, 12 - sala 8 - Centro, Itaquaquecetuba - SP, 08570-030, Brazil",https://marchettiemiranda.adv.br/,escritório de advocacia,Itaquaquecetuba
Advocacia Bittencourt,551146422027,"R. Duque de Caxias, 45 - Centro, Itaquaquecetuba - SP, 08570-010, Brazil",http://www.advbittencourt.com.br/,escritório de advocacia,Itaquaquecetuba
FERREIRA & AZEVEDO ADVOGADOS | Usucapião,5511958048385,"R. Benedito Fernandes Cruz, 51 - Centro, Itaquaquecetuba - SP, 08570-004, Brazil",,escritório de advocacia,Itaquaquecetuba
CLAUDINEIA GELLI / Advogada em Itaquaquecetuba e Região/SP. Rescisão Indireta/Reversão Justa Causa.,5511996646869,"R. Olímpia, 61 - Jardim Santa Helena, Itaquaquecetuba - SP, 08570-730, Brazil",https://advocaciaclaudineiagelli.com.br/,escritório de advocacia,Itaquaquecetuba
SDB Advocacia,551146428919,"Tv. Ibaite, 112 - Vila Monte Belo, Itaquaquecetuba - SP, 08577-797, Brazil",,escritório de advocacia,Itaquaquecetuba
Tarento Advogados | Escritório de Advocacia,5511943061744,"Av. Emancipação, 355 - Centro, Itaquaquecetuba - SP, 08570-002, Brazil",http://www.tarentoadvogados.com.br/,escritório de advocacia,Itaquaquecetuba
Dr. Roque,551146493738,"Estr. dos Índios, 1084 - 1º andar - Jardim Caiubi, Itaquaquecetuba - SP, 08587-000, Brazil",,escritório de advocacia,Itaquaquecetuba
Vagner da Costa Advogados Associados,551146402488,"R. Duque de Caxias, 71 - Centro, Itaquaquecetuba - SP, 08570-010, Brazil",,escritório de advocacia,Itaquaquecetuba
PGN Advogados,5511957107608,"R. Piracicaba, 92 - Vila Monte Belo, Itaquaquecetuba - SP, 08577-290, Brazil",http://www.pgnadvogados.com.br/,escritório de advocacia,Itaquaquecetuba
Urias Advocacia,5511983148516,"R. Manoel García, 33 - Centro, Itaquaquecetuba - SP, 08570-180, Brazil",,escritório de advocacia,Itaquaquecetuba
AMS ADVOCACIA,5511943844752,"R. Cap. José Leite, 12 - sala 08 - Centro, Itaquaquecetuba - SP, 08570-030, Brazil",http://wa.me/5511943844752,escritório de advocacia,Itaquaquecetuba
Sabino Advogados,5511986848092,"Av. Ver. João Fernandes da Silva, 547 - Vila Virginia, Itaquaquecetuba - SP, 08576-000, Brazil",https://linktr.ee/Sabinoadvogados,escritório de advocacia,Itaquaquecetuba
Miriã Agra Advocacia,5511996551231,"Av. Italo Adami, 317 - Sala 08 - Vila Ursulina, Itaquaquecetuba - SP, 08574-020, Brazil",https://www.aea.adv.br/contato,escritório de advocacia,Itaquaquecetuba
Rocha Advogados,5511961836570,"R. Capela do Alto, 566 - Vila Virginia, Itaquaquecetuba - SP, 08576-150, Brazil",http://rochaeadvogados.com.br/,escritório de advocacia,Itaquaquecetuba
Carvalho Lobo Advocacia,5511985306116,"R. Barretos, 27 - Vila Monte Belo, Itaquaquecetuba - SP, 08577-350, Brazil",http://www.carvalholoboadvocacia.com.br/,escritório de advocacia,Itaquaquecetuba
Escritório Advocacia & Consultoria jurídica.,5511988497627,"R. Romeu Galupo, 47 - Vila Sao Judas Tadeu, Itaquaquecetuba - SP, 08572-797, Brazil",,escritório de advocacia,Itaquaquecetuba
Cedric Darwin Advocacia,5511947494911,"R. Cap. José Leite, 117 - Centro, Itaquaquecetuba - SP, 08570-030, Brazil",http://cedricdarwin.com.br/,escritório de advocacia,Itaquaquecetuba
Jefferson Maioline Advogados,551146425445,"R. Sebastião Ferreira dos Santos, 41 - Centro, Itaquaquecetuba - SP, 08570-060, Brazil",,escritório de advocacia,Itaquaquecetuba
RN ADVOGADOS,5511952109380,"Av. Italo Adami, 689 - Vila Zeferina, Itaquaquecetuba - SP, 08580-740, Brazil",,escritório de advocacia,Itaquaquecetuba
I.M.P Advogados,551143870720,"R. Araguari, 200 - Vila Virginia, Itaquaquecetuba - SP, 08573-090, Brazil",https://www.impadvogados.com.br/,escritório de advocacia,Itaquaquecetuba
Mário Sérgio Camargo De Almeida Advogados Associados,551146044441,"R. Zinho Marquês, 91 - Mairiporã, SP, 07600-000, Brazil",,escritório de advocacia,Mairiporã
Dra. Patrícia Xavier,5511966241542,"R. Zinho Marquês, 91 - Mairiporã, SP, 07600-021, Brazil",,escritório de advocacia,Mairiporã
SANTOS BUENO Advogado em Mairiporã,5511963509126,"R. Ipiranga, 399 - Centro, Mairiporã - SP, 07600-252, Brazil",https://g.co/kgs/1jyLqak,escritório de advocacia,Mairiporã
Milena Mécho Advogada,5511973345954,"Alameda Tibiriçá, 500 - Mairiporã, SP, 07600-000, Brazil",https://advocaciamilenamecho.com.br/,escritório de advocacia,Mairiporã
Natália Dintof - Advogada Trabalhista e Previdenciária,5511978331131,"R. Ipiranga, 396 - Sala 10 - Centro, Mairiporã - SP, 07600-252, Brazil",https://advnataliadintof.com/direito-do-trabalho-e-previdenciario/,escritório de advocacia,Mairiporã
Prado Advocacia,5511975794851,"Tv. Francisco Feliciano Ferreira da Silva, 26 - loja 05 - Centro, Mairiporã - SP, 07600-054, Brazil",,escritório de advocacia,Mairiporã
"Fernandes, Laurindo e Paludetto Advocacia e Assessoria Jurídica",5511967888622,"Alameda Tibiriçá, 1021 - Centro, Mairiporã - SP, 07600-168, Brazil",https://flpassessoriajuridica.com.br/adv/,escritório de advocacia,Mairiporã
Advogada Dra. Karen Guardia Caramaschi,5511940002507,"R. Zinho Marquês, 91 - Centro, Mairiporã - SP, 07600-021, Brazil",,escritório de advocacia,Mairiporã
Braz e Cruz Advogados,5511944350400,"Av. Tab. Passarela, 271 - Sala 05 - Centro, Mairiporã - SP, 07600-027, Brazil",,escritório de advocacia,Mairiporã
Isabelly Jordão - Advocacia e consultoria jurídica,5511934844050,"Av. Tab. Passarela, 271 - sala 3 - Centro, Mairiporã - SP, 07600-027, Brazil",https://www.instagram.com/isabellyjordao?igsh=ZHo3aWg4eGd1cDkx&utm_source=qr,escritório de advocacia,Mairiporã
Patrícia R. Alves Advocacia e Assessoria Jurídica,551131229090,"R. Ipiranga, 378 - Mairiporã, SP, 07600-252, Brazil",https://patriciarochaalves.adv.br/direitoconsumidor,escritório de advocacia,Mairiporã
Patricia Maia Advogada,5511974039619,"Av. Tab. Passarela, 476 - sala 10 - Centro, Mairiporã - SP, 07600-027, Brazil",,escritório de advocacia,Mairiporã
Escritório Previdenciário E Trabalhista D.Marcia Francisco Assis,551146043863,"R. Vairo, 71 - Mairiporã, SP, 07600-000, Brazil",,escritório de advocacia,Mairiporã
Guilherme Walter - Advogado Criminal,5511974306725,"Av. Tab. Passarela, 271 - sala 3 - Centro, Mairiporã - SP, 07600-021, Brazil",https://advocacia.guilhermewaltercriminal.com/contato,escritório de advocacia,Mairiporã
Loureine Silvestre Advogada | Advocacia e consultoria jurídica,5511998804150,"R. Zinho Marquês, 91 - Centro, Mairiporã - SP, 07600-021, Brazil",https://pagina.adv.br/loureinesilvestreadvogada,escritório de advocacia,Mairiporã
Bento & Luiz Advocacia,5511911276706,"R. Cardoso César, 36 - Centro, Mairiporã - SP, 07600-162, Brazil",,escritório de advocacia,Mairiporã
Fernanda Bueno Advocacia,5511972722876,"Tv. Francisco Galrão de França Sobrinho, 10 - Sala 09 - Centro, Mairiporã - SP, 07600-060, Brazil",https://fernandaadvocacia.pages.net.br/fernandaadvocacia,escritório de advocacia,Mairiporã
Argeu Costa Advogado,5511974449860,"Av D.Livia Vall Silva André, 167 Luiz Fagundes - Mairiporã, SP, 07625-005, Brazil",,escritório de advocacia,Mairiporã
Tatiana Garcia Advocacia e Consultoria Jurídica,5511958758470,"Tv. Francisco Galrão de França Sobrinho, 10 - sala 04 - Mairiporã, SP, 07600-060, Brazil",,escritório de advocacia,Mairiporã
OAB,551144192971,"R. Ipiranga, 499 - Mairiporã, SP, 07600-000, Brazil",http://www.oabsp.org.br/mairipora/,escritório de advocacia,Mairiporã
